0,分かりません
1,分かりません
2,分かりません
3,分かりません
4,分かりません
5,分かりません
6,分かりません
7,分かりません
8,分かりません
9,分かりません
10,分かりません
11,分かりません
12,分かりません
13,分かりません
14,分かりません
15,分かりません
16,分かりません
17,分かりません
18,分かりません
19,分かりません
20,分かりません
21,分かりません
22,分かりません
23,分かりません
24,分かりません
25,分かりません
26,分かりません
27,分かりません
28,分かりません
29,分かりません
30,分かりません
31,分かりません
32,分かりません
33,分かりません
34,分かりません
35,分かりません
36,分かりません
37,分かりません
38,分かりません
39,分かりません
40,分かりません
41,分かりません
42,分かりません
43,分かりません
44,分かりません
45,分かりません
46,分かりません
47,分かりません
48,分かりません
49,分かりません
50,分かりません
51,分かりません
52,分かりません
53,分かりません
54,分かりません
55,分かりません
56,分かりません
57,分かりません
58,分かりません
59,分かりません
60,分かりません
61,分かりません
62,分かりません
63,分かりません
64,分かりません
65,分かりません
66,分かりません
67,分かりません
68,分かりません
69,分かりません
70,分かりません
71,分かりません
72,分かりません
73,分かりません
74,分かりません
75,分かりません
76,分かりません
77,分かりません
78,分かりません
79,分かりません
80,分かりません
81,分かりません
82,分かりません
83,分かりません
84,分かりません
85,分かりません
86,分かりません
87,分かりません
88,分かりません
89,分かりません
90,分かりません
91,分かりません
92,分かりません
93,分かりません
94,分かりません
95,分かりません
96,分かりません
97,分かりません
98,分かりません
99,分かりません
