1,分かりません,問題に関連する情報が見つかりませんでした
2,分かりません,問題に関連する情報が見つかりませんでした
3,分かりません,問題に関連する情報が見つかりませんでした
4,分かりません,問題に関連する情報が見つかりませんでした
5,分かりません,問題に関連する情報が見つかりませんでした
6,分かりません,問題に関連する情報が見つかりませんでした
7,分かりません,問題に関連する情報が見つかりませんでした
8,分かりません,問題に関連する情報が見つかりませんでした
9,分かりません,問題に関連する情報が見つかりませんでした
10,分かりません,問題に関連する情報が見つかりませんでした
11,分かりません,問題に関連する情報が見つかりませんでした
12,分かりません,問題に関連する情報が見つかりませんでした
13,分かりません,問題に関連する情報が見つかりませんでした
14,分かりません,問題に関連する情報が見つかりませんでした
15,分かりません,問題に関連する情報が見つかりませんでした
16,分かりません,問題に関連する情報が見つかりませんでした
17,分かりません,問題に関連する情報が見つかりませんでした
18,分かりません,問題に関連する情報が見つかりませんでした
19,分かりません,問題に関連する情報が見つかりませんでした
20,分かりません,問題に関連する情報が見つかりませんでした
21,分かりません,問題に関連する情報が見つかりませんでした
22,分かりません,問題に関連する情報が見つかりませんでした
23,分かりません,問題に関連する情報が見つかりませんでした
24,分かりません,問題に関連する情報が見つかりませんでした
25,分かりません,問題に関連する情報が見つかりませんでした
26,分かりません,問題に関連する情報が見つかりませんでした
27,分かりません,問題に関連する情報が見つかりませんでした
28,分かりません,問題に関連する情報が見つかりませんでした
29,分かりません,問題に関連する情報が見つかりませんでした
30,分かりません,問題に関連する情報が見つかりませんでした
31,分かりません,問題に関連する情報が見つかりませんでした
32,分かりません,問題に関連する情報が見つかりませんでした
33,分かりません,問題に関連する情報が見つかりませんでした
34,分かりません,問題に関連する情報が見つかりませんでした
35,分かりません,問題に関連する情報が見つかりませんでした
36,分かりません,問題に関連する情報が見つかりませんでした
37,分かりません,問題に関連する情報が見つかりませんでした
38,分かりません,問題に関連する情報が見つかりませんでした
39,分かりません,問題に関連する情報が見つかりませんでした
40,分かりません,問題に関連する情報が見つかりませんでした
41,分かりません,問題に関連する情報が見つかりませんでした
42,分かりません,問題に関連する情報が見つかりませんでした
43,分かりません,問題に関連する情報が見つかりませんでした
44,分かりません,問題に関連する情報が見つかりませんでした
45,分かりません,問題に関連する情報が見つかりませんでした
46,分かりません,問題に関連する情報が見つかりませんでした
47,分かりません,問題に関連する情報が見つかりませんでした
48,分かりません,問題に関連する情報が見つかりませんでした
49,分かりません,問題に関連する情報が見つかりませんでした
50,分かりません,問題に関連する情報が見つかりませんでした
51,分かりません,問題に関連する情報が見つかりませんでした
52,分かりません,問題に関連する情報が見つかりませんでした
53,分かりません,問題に関連する情報が見つかりませんでした
54,分かりません,問題に関連する情報が見つかりませんでした
55,分かりません,問題に関連する情報が見つかりませんでした
56,分かりません,問題に関連する情報が見つかりませんでした
57,分かりません,問題に関連する情報が見つかりませんでした
58,分かりません,問題に関連する情報が見つかりませんでした
59,分かりません,問題に関連する情報が見つかりませんでした
60,分かりません,問題に関連する情報が見つかりませんでした
